USE `Pokeflex`;

INSERT INTO `Type` 
VALUES 
	(1, 'Bug'), 
	(2, 'Dragon'), 
	(3, 'Electric'), 
	(4, 'Fighting'),
	(5, 'Fire'),
	(6, 'Flying'),
	(7, 'Ghost'),
	(8, 'Grass'),
	(9, 'Ground'),
	(10, 'Ice'),
	(11, 'Normal'),
	(12, 'Poison'),
	(13, 'Psychic'),
	(14, 'Rock'),
	(15, 'Water');


INSERT INTO `Advantage` (`againstTypeId`, `mainTypeId`, `modificator`)
VALUES 
    (1, 1, 1.0),
    (2, 1, 1.0),
    (3, 1, 1.0),
    (4, 1, 0.5),
    (5, 1, 0.5),
    (6, 1, 0.5),
    (7, 1, 1.0),
    (8, 1, 2.0),
    (9, 1, 1.0),
    (10, 1, 1.0),
    (11, 1, 1.0),
    (12, 1, 2.0),
    (13, 1, 2.0),
    (14, 1, 1.0),
    (15, 1, 1.0),
    (1, 2, 1.0),
    (2, 2, 2.0),
    (3, 2, 1.0),
    (4, 2, 1.0),
    (5, 2, 1.0),
    (6, 2, 1.0),
    (7, 2, 1.0),
    (8, 2, 1.0),
    (9, 2, 1.0),
    (10, 2, 1.0),
    (11, 2, 1.0),
    (12, 2, 1.0),
    (13, 2, 1.0),
    (14, 2, 1.0),
    (15, 2, 1.0),
    (1, 3, 1.0),
    (2, 3, 0.5),
    (3, 3, 0.5),
    (4, 3, 1.0),
    (5, 3, 1.0),
    (6, 3, 2.0),
    (7, 3, 1.0),
    (8, 3, 0.5),
    (9, 3, 0.5),
    (10, 3, 1.0),
    (11, 3, 1.0),
    (12, 3, 1.0),
    (13, 3, 1.0),
    (14, 3, 1.0),
    (15, 3, 2.0),
    (1, 4, 0.5),
    (2, 4, 1.0),
    (3, 4, 1.0),
    (4, 4, 1.0),
    (5, 4, 1.0),
    (6, 4, 0.5),
    (7, 4, 0.5),
    (8, 4, 1.0),
    (9, 4, 1.0),
    (10, 4, 2.0),
    (11, 4, 2.0),
    (12, 4, 0.5),
    (13, 4, 0.5),
    (14, 4, 2.0),
    (15, 4, 1.0),
    (1, 5, 2.0),
    (2, 5, 0.5),
    (3, 5, 1.0),
    (4, 5, 1.0),
    (5, 5, 0.5),
    (6, 5, 1.0),
    (7, 5, 1.0),
    (8, 5, 2.0),
    (9, 5, 1.0),
    (10, 5, 2.0),
    (11, 5, 1.0),
    (12, 5, 1.0),
    (13, 5, 1.0),
    (14, 5, 0.5),
    (15, 5, 0.5),
    (1, 6, 2.0),
    (2, 6, 1.0),
    (3, 6, 0.5),
    (4, 6, 2.0),
    (5, 6, 1.0),
    (6, 6, 1.0),
    (7, 6, 1.0),
    (8, 6, 2.0),
    (9, 6, 1.0),
    (10, 6, 1.0),
    (11, 6, 1.0),
    (12, 6, 1.0),
    (13, 6, 1.0),
    (14, 6, 0.5),
    (15, 6, 1.0),
    (1, 7, 1.0),
    (2, 7, 1.0),
    (3, 7, 1.0),
    (4, 7, 1.0),
    (5, 7, 1.0),
    (6, 7, 1.0),
    (7, 7, 2.0),
    (8, 7, 1.0),
    (9, 7, 1.0),
    (10, 7, 1.0),
    (11, 7, 0.5),
    (12, 7, 1.0),
    (13, 7, 0.5),
    (14, 7, 1.0),
    (15, 7, 1.0),
    (1, 8, 0.5),
    (2, 8, 0.5),
    (3, 8, 1.0),
    (4, 8, 1.0),
    (5, 8, 0.5),
    (6, 8, 0.5),
    (7, 8, 1.0),
    (8, 8, 0.5),
    (9, 8, 2.0),
    (10, 8, 1.0),
    (11, 8, 1.0),
    (12, 8, 0.5),
    (13, 8, 1.0),
    (14, 8, 2.0),
    (15, 8, 2.0),
    (1, 9, 0.5),
    (2, 9, 1.0),
    (3, 9, 2.0),
    (4, 9, 1.0),
    (5, 9, 2.0),
    (6, 9, 0.5),
    (7, 9, 1.0),
    (8, 9, 0.5),
    (9, 9, 1.0),
    (10, 9, 1.0),
    (11, 9, 1.0),
    (12, 9, 2.0),
    (13, 9, 1.0),
    (14, 9, 2.0),
    (15, 9, 1.0),
    (1, 10, 1.0),
    (2, 10, 2.0),
    (3, 10, 1.0),
    (4, 10, 1.0),
    (5, 10, 1.0),
    (6, 10, 2.0),
    (7, 10, 1.0),
    (8, 10, 2.0),
    (9, 10, 2.0),
    (10, 10, 0.5),
    (11, 10, 1.0),
    (12, 10, 1.0),
    (13, 10, 1.0),
    (14, 10, 1.0),
    (15, 10, 0.5),
    (1, 11, 1.0),
    (2, 11, 1.0),
    (3, 11, 1.0),
    (4, 11, 1.0),
    (5, 11, 1.0),
    (6, 11, 1.0),
    (7, 11, 0.5),
    (8, 11, 1.0),
    (9, 11, 1.0),
    (10, 11, 1.0),
    (11, 11, 1.0),
    (12, 11, 1.0),
    (13, 11, 1.0),
    (14, 11, 0.5),
    (15, 11, 1.0),
    (1, 12, 2.0),
    (2, 12, 1.0),
    (3, 12, 1.0),
    (4, 12, 1.0),
    (5, 12, 1.0),
    (6, 12, 1.0),
    (7, 12, 0.5),
    (8, 12, 2.0),
    (9, 12, 0.5),
    (10, 12, 1.0),
    (11, 12, 1.0),
    (12, 12, 0.5),
    (13, 12, 1.0),
    (14, 12, 0.5),
    (15, 12, 1.0),
    (1, 13, 1.0),
    (2, 13, 1.0),
    (3, 13, 1.0),
    (4, 13, 2.0),
    (5, 13, 1.0),
    (6, 13, 1.0),
    (7, 13, 1.0),
    (8, 13, 1.0),
    (9, 13, 1.0),
    (10, 13, 1.0),
    (11, 13, 1.0),
    (12, 13, 2.0),
    (13, 13, 0.5),
    (14, 13, 1.0),
    (15, 13, 1.0),
    (1, 14, 2.0),
    (2, 14, 1.0),
    (3, 14, 1.0),
    (4, 14, 0.5),
    (5, 14, 2.0),
    (6, 14, 2.0),
    (7, 14, 1.0),
    (8, 14, 1.0),
    (9, 14, 0.5),
    (10, 14, 2.0),
    (11, 14, 1.0),
    (12, 14, 1.0),
    (13, 14, 1.0),
    (14, 14, 1.0),
    (15, 14, 1.0),
    (1, 15, 1.0),
    (2, 15, 0.5),
    (3, 15, 1.0),
    (4, 15, 1.0),
    (5, 15, 2.0),
    (6, 15, 1.0),
    (7, 15, 1.0),
    (8, 15, 0.5),
    (9, 15, 2.0),
    (10, 15, 1.0),
    (11, 15, 1.0),
    (12, 15, 1.0),
    (13, 15, 1.0),
    (14, 15, 2.0),
    (15, 15, 0.5);


INSERT INTO `Pokedex` (`number`, `name`, `hp`, `atk`, `def`, `speed`, `spe`)
VALUES
    (1, 'bulbasaur', 45, 49, 49, 45, 65),
    (2, 'ivysaur', 60, 62, 63, 60, 80),
    (3, 'venusaur', 80, 82, 83, 80, 100),
    (4, 'charmander', 39, 52, 43, 65, 55),
    (5, 'charmeleon', 58, 64, 58, 80, 72),
    (6, 'charizard', 78, 84, 78, 100, 97),
    (7, 'squirtle', 44, 48, 65, 43, 57),
    (8, 'wartortle', 59, 63, 80, 58, 72),
    (9, 'blastoise', 79, 83, 100, 78, 95),
    (10, 'caterpie', 45, 30, 35, 45, 20),
    (11, 'metapod', 50, 20, 55, 30, 25),
    (12, 'butterfree', 60, 45, 50, 70, 85),
    (13, 'weedle', 40, 35, 30, 50, 20),
    (14, 'kakuna', 45, 25, 50, 35, 25),
    (15, 'beedrill', 65, 90, 40, 75, 62),
    (16, 'pidgey', 40, 45, 40, 56, 35),
    (17, 'pidgeotto', 63, 60, 55, 71, 50),
    (18, 'pidgeot', 83, 80, 75, 101, 70),
    (19, 'rattata', 30, 56, 35, 72, 30),
    (20, 'raticate', 55, 81, 60, 97, 60),
    (21, 'spearow', 40, 60, 30, 70, 31),
    (22, 'fearow', 65, 90, 65, 100, 61),
    (23, 'ekans', 35, 60, 44, 55, 47),
    (24, 'arbok', 60, 95, 69, 80, 72),
    (25, 'pikachu', 35, 55, 40, 90, 50),
    (26, 'raichu', 60, 90, 55, 110, 85),
    (27, 'sandshrew', 50, 75, 85, 40, 25),
    (28, 'sandslash', 75, 100, 110, 65, 50),
    (29, 'nidoran-f', 55, 47, 52, 41, 40),
    (30, 'nidorina', 70, 62, 67, 56, 55),
    (31, 'nidoqueen', 90, 92, 87, 76, 80),
    (32, 'nidoran-m', 46, 57, 40, 50, 40),
    (33, 'nidorino', 61, 72, 57, 65, 55),
    (34, 'nidoking', 81, 102, 77, 85, 80),
    (35, 'clefairy', 70, 45, 48, 35, 62),
    (36, 'clefable', 95, 70, 73, 60, 92),
    (37, 'vulpix', 38, 41, 40, 65, 57),
    (38, 'ninetales', 73, 76, 75, 100, 90),
    (39, 'jigglypuff', 115, 45, 20, 20, 35),
    (40, 'wigglytuff', 140, 70, 45, 45, 67),
    (41, 'zubat', 40, 45, 35, 55, 35),
    (42, 'golbat', 75, 80, 70, 90, 70),
    (43, 'oddish', 45, 50, 55, 30, 70),
    (44, 'gloom', 60, 65, 70, 40, 80),
    (45, 'vileplume', 75, 80, 85, 50, 100),
    (46, 'paras', 35, 70, 55, 25, 50),
    (47, 'parasect', 60, 95, 80, 30, 70),
    (48, 'venonat', 60, 55, 50, 45, 47),
    (49, 'venomoth', 70, 65, 60, 90, 82),
    (50, 'diglett', 10, 55, 25, 95, 40),
    (51, 'dugtrio', 35, 100, 50, 120, 60),
    (52, 'meowth', 40, 45, 35, 90, 40),
    (53, 'persian', 65, 70, 60, 115, 65),
    (54, 'psyduck', 50, 52, 48, 55, 57),
    (55, 'golduck', 80, 82, 78, 85, 87),
    (56, 'mankey', 40, 80, 35, 70, 40),
    (57, 'primeape', 65, 105, 60, 95, 65),
    (58, 'growlithe', 55, 70, 45, 60, 60),
    (59, 'arcanine', 90, 110, 80, 95, 90),
    (60, 'poliwag', 40, 50, 40, 90, 40),
    (61, 'poliwhirl', 65, 65, 65, 90, 50),
    (62, 'poliwrath', 90, 95, 95, 70, 80),
    (63, 'abra', 25, 20, 15, 90, 80),
    (64, 'kadabra', 40, 35, 30, 105, 95),
    (65, 'alakazam', 55, 50, 45, 120, 115),
    (66, 'machop', 70, 80, 50, 35, 35),
    (67, 'machoke', 80, 100, 70, 45, 55),
    (68, 'machamp', 90, 130, 80, 55, 75),
    (69, 'bellsprout', 50, 75, 35, 40, 50),
    (70, 'weepinbell', 65, 90, 50, 55, 65),
    (71, 'victreebel', 80, 105, 65, 70, 85),
    (72, 'tentacool', 40, 40, 35, 70, 75),
    (73, 'tentacruel', 80, 70, 65, 100, 100),
    (74, 'geodude', 40, 80, 100, 20, 30),
    (75, 'graveler', 55, 95, 115, 35, 45),
    (76, 'golem', 80, 120, 130, 45, 60),
    (77, 'ponyta', 50, 85, 55, 90, 65),
    (78, 'rapidash', 65, 100, 70, 105, 80),
    (79, 'slowpoke', 90, 65, 65, 15, 40),
    (80, 'slowbro', 95, 75, 110, 30, 90),
    (81, 'magnemite', 25, 35, 70, 45, 75),
    (82, 'magneton', 50, 60, 95, 70, 95),
    (83, 'farfetchd', 52, 90, 55, 60, 60),
    (84, 'doduo', 35, 85, 45, 75, 35),
    (85, 'dodrio', 60, 110, 70, 110, 60),
    (86, 'seel', 65, 45, 55, 45, 57),
    (87, 'dewgong', 90, 70, 80, 70, 82),
    (88, 'grimer', 80, 80, 50, 25, 45),
    (89, 'muk', 105, 105, 75, 50, 82),
    (90, 'shellder', 30, 65, 100, 40, 35),
    (91, 'cloyster', 50, 95, 180, 70, 65),
    (92, 'gastly', 30, 35, 30, 80, 67),
    (93, 'haunter', 45, 50, 45, 95, 85),
    (94, 'gengar', 60, 65, 60, 110, 102),
    (95, 'onix', 35, 45, 160, 70, 37),
    (96, 'drowzee', 60, 48, 45, 42, 66),
    (97, 'hypno', 85, 73, 70, 67, 94),
    (98, 'krabby', 30, 105, 90, 50, 25),
    (99, 'kingler', 55, 130, 115, 75, 50),
    (100, 'voltorb', 40, 30, 50, 100, 55),
    (101, 'electrode', 60, 50, 70, 150, 80),
    (102, 'exeggcute', 60, 40, 80, 40, 52),
    (103, 'exeggutor', 95, 95, 85, 55, 100),
    (104, 'cubone', 50, 50, 95, 35, 45),
    (105, 'marowak', 60, 80, 110, 45, 65),
    (106, 'hitmonlee', 50, 120, 53, 87, 72),
    (107, 'hitmonchan', 50, 105, 79, 76, 72),
    (108, 'lickitung', 90, 55, 75, 30, 67),
    (109, 'koffing', 40, 65, 95, 35, 52),
    (110, 'weezing', 65, 90, 120, 60, 77),
    (111, 'rhyhorn', 80, 85, 95, 25, 30),
    (112, 'rhydon', 105, 130, 120, 40, 45),
    (113, 'chansey', 250, 5, 5, 50, 70),
    (114, 'tangela', 65, 55, 115, 60, 70),
    (115, 'kangaskhan', 105, 95, 80, 90, 60),
    (116, 'horsea', 30, 40, 70, 60, 47),
    (117, 'seadra', 55, 65, 95, 85, 70),
    (118, 'goldeen', 45, 67, 60, 63, 42),
    (119, 'seaking', 80, 92, 65, 68, 72),
    (120, 'staryu', 30, 45, 55, 85, 62),
    (121, 'starmie', 60, 75, 85, 115, 92),
    (122, 'mr-mime', 40, 45, 65, 90, 110),
    (123, 'scyther', 70, 110, 80, 105, 67),
    (124, 'jynx', 65, 50, 35, 95, 105),
    (125, 'electabuzz', 65, 83, 57, 105, 90),
    (126, 'magmar', 65, 95, 57, 93, 92),
    (127, 'pinsir', 65, 125, 100, 85, 62),
    (128, 'tauros', 75, 100, 95, 110, 55),
    (129, 'magikarp', 20, 10, 55, 80, 17),
    (130, 'gyarados', 95, 125, 79, 81, 80),
    (131, 'lapras', 130, 85, 80, 60, 90),
    (132, 'ditto', 48, 48, 48, 48, 48),
    (133, 'eevee', 55, 55, 50, 55, 55),
    (134, 'vaporeon', 130, 65, 60, 65, 102),
    (135, 'jolteon', 65, 65, 60, 130, 102),
    (136, 'flareon', 65, 130, 60, 65, 102),
    (137, 'porygon', 65, 60, 70, 40, 80),
    (138, 'omanyte', 35, 40, 100, 35, 72),
    (139, 'omastar', 70, 60, 125, 55, 92),
    (140, 'kabuto', 30, 80, 90, 55, 50),
    (141, 'kabutops', 60, 115, 105, 80, 67),
    (142, 'aerodactyl', 80, 105, 65, 130, 67),
    (143, 'snorlax', 160, 110, 65, 30, 87),
    (144, 'articuno', 90, 85, 100, 85, 110),
    (145, 'zapdos', 90, 90, 85, 100, 107),
    (146, 'moltres', 90, 100, 90, 90, 105),
    (147, 'dratini', 41, 64, 45, 50, 50),
    (148, 'dragonair', 61, 84, 65, 70, 70),
    (149, 'dragonite', 91, 134, 95, 80, 100),
    (150, 'mewtwo', 106, 110, 90, 130, 122);



INSERT INTO `PokedexHasType` 
VALUES
    (1, 12),
    (1, 8),
    (2, 12),
    (2, 8),
    (3, 12),
    (3, 8),
    (4, 5),
    (5, 5),
    (6, 6),
    (6, 5),
    (7, 15),
    (8, 15),
    (9, 15),
    (10, 1),
    (11, 1),
    (12, 6),
    (12, 1),
    (13, 12),
    (13, 1),
    (14, 12),
    (14, 1),
    (15, 12),
    (15, 1),
    (16, 6),
    (16, 11),
    (17, 6),
    (17, 11),
    (18, 6),
    (18, 11),
    (19, 11),
    (20, 11),
    (21, 6),
    (21, 11),
    (22, 6),
    (22, 11),
    (23, 12),
    (24, 12),
    (25, 3),
    (26, 3),
    (27, 9),
    (28, 9),
    (29, 12),
    (30, 12),
    (31, 9),
    (31, 12),
    (32, 12),
    (33, 12),
    (34, 9),
    (34, 12),
    (37, 5),
    (38, 5),
    (39, 11),
    (40, 11),
    (41, 6),
    (41, 12),
    (42, 6),
    (42, 12),
    (43, 12),
    (43, 8),
    (44, 12),
    (44, 8),
    (45, 12),
    (45, 8),
    (46, 8),
    (46, 1),
    (47, 8),
    (47, 1),
    (48, 12),
    (48, 1),
    (49, 12),
    (49, 1),
    (50, 9),
    (51, 9),
    (52, 11),
    (53, 11),
    (54, 15),
    (55, 15),
    (56, 4),
    (57, 4),
    (58, 5),
    (59, 5),
    (60, 15),
    (61, 15),
    (62, 4),
    (62, 15),
    (63, 13),
    (64, 13),
    (65, 13),
    (66, 4),
    (67, 4),
    (68, 4),
    (69, 12),
    (69, 8),
    (70, 12),
    (70, 8),
    (71, 12),
    (71, 8),
    (72, 12),
    (72, 15),
    (73, 12),
    (73, 15),
    (74, 9),
    (74, 14),
    (75, 9),
    (75, 14),
    (76, 9),
    (76, 14),
    (77, 5),
    (78, 5),
    (79, 13),
    (79, 15),
    (80, 13),
    (80, 15),
    (81, 3),
    (82, 3),
    (83, 6),
    (83, 11),
    (84, 6),
    (84, 11),
    (85, 6),
    (85, 11),
    (86, 15),
    (87, 10),
    (87, 15),
    (88, 12),
    (89, 12),
    (90, 15),
    (91, 10),
    (91, 15),
    (92, 12),
    (92, 7),
    (93, 12),
    (93, 7),
    (94, 12),
    (94, 7),
    (95, 9),
    (95, 14),
    (96, 13),
    (97, 13),
    (98, 15),
    (99, 15),
    (100, 3),
    (101, 3),
    (102, 13),
    (102, 8),
    (103, 13),
    (103, 8),
    (104, 9),
    (105, 9),
    (106, 4),
    (107, 4),
    (108, 11),
    (109, 12),
    (110, 12),
    (111, 14),
    (111, 9),
    (112, 14),
    (112, 9),
    (113, 11),
    (114, 8),
    (115, 11),
    (116, 15),
    (117, 15),
    (118, 15),
    (119, 15),
    (120, 15),
    (121, 13),
    (121, 15),
    (122, 13),
    (123, 6),
    (123, 1),
    (124, 13),
    (124, 10),
    (125, 3),
    (126, 5),
    (127, 1),
    (128, 11),
    (129, 15),
    (130, 6),
    (130, 15),
    (131, 10),
    (131, 15),
    (132, 11),
    (133, 11),
    (134, 15),
    (135, 3),
    (136, 5),
    (137, 11),
    (138, 15),
    (138, 14),
    (139, 15),
    (139, 14),
    (140, 15),
    (140, 14),
    (141, 15),
    (141, 14),
    (142, 6),
    (142, 14),
    (143, 11),
    (144, 6),
    (144, 10),
    (145, 6),
    (145, 3),
    (146, 6),
    (146, 5),
    (147, 2),
    (148, 2),
    (149, 6),
    (149, 2),
    (150, 13);


UPDATE `Pokedex` SET `evolutionLvl` = 32, `evolutionNumber` = 3 WHERE `number` = 2;
UPDATE `Pokedex` SET `evolutionLvl` = 16, `evolutionNumber` = 2 WHERE `number` = 1;
UPDATE `Pokedex` SET `evolutionLvl` = 36, `evolutionNumber` = 6 WHERE `number` = 5;
UPDATE `Pokedex` SET `evolutionLvl` = 16, `evolutionNumber` = 5 WHERE `number` = 4;
UPDATE `Pokedex` SET `evolutionLvl` = 36, `evolutionNumber` = 9 WHERE `number` = 8;
UPDATE `Pokedex` SET `evolutionLvl` = 16, `evolutionNumber` = 8 WHERE `number` = 7;
UPDATE `Pokedex` SET `evolutionLvl` = 10, `evolutionNumber` = 12 WHERE `number` = 11;
UPDATE `Pokedex` SET `evolutionLvl` = 7, `evolutionNumber` = 11 WHERE `number` = 10;
UPDATE `Pokedex` SET `evolutionLvl` = 10, `evolutionNumber` = 15 WHERE `number` = 14;
UPDATE `Pokedex` SET `evolutionLvl` = 7, `evolutionNumber` = 14 WHERE `number` = 13;
UPDATE `Pokedex` SET `evolutionLvl` = 36, `evolutionNumber` = 18 WHERE `number` = 17;
UPDATE `Pokedex` SET `evolutionLvl` = 18, `evolutionNumber` = 17 WHERE `number` = 16;
UPDATE `Pokedex` SET `evolutionLvl` = 20, `evolutionNumber` = 20 WHERE `number` = 19;
UPDATE `Pokedex` SET `evolutionLvl` = 20, `evolutionNumber` = 22 WHERE `number` = 21;
UPDATE `Pokedex` SET `evolutionLvl` = 22, `evolutionNumber` = 24 WHERE `number` = 23;
UPDATE `Pokedex` SET `evolutionLvl` = 22, `evolutionNumber` = 28 WHERE `number` = 27;
UPDATE `Pokedex` SET `evolutionLvl` = -1, `evolutionNumber` = 31 WHERE `number` = 30;
UPDATE `Pokedex` SET `evolutionLvl` = 16, `evolutionNumber` = 30 WHERE `number` = 29;
UPDATE `Pokedex` SET `evolutionLvl` = -1, `evolutionNumber` = 34 WHERE `number` = 33;
UPDATE `Pokedex` SET `evolutionLvl` = 16, `evolutionNumber` = 33 WHERE `number` = 32;
UPDATE `Pokedex` SET `evolutionLvl` = -1, `evolutionNumber` = 38 WHERE `number` = 37;
UPDATE `Pokedex` SET `evolutionLvl` = 22, `evolutionNumber` = 42 WHERE `number` = 41;
UPDATE `Pokedex` SET `evolutionLvl` = -1, `evolutionNumber` = 45 WHERE `number` = 44;
UPDATE `Pokedex` SET `evolutionLvl` = 21, `evolutionNumber` = 44 WHERE `number` = 43;
UPDATE `Pokedex` SET `evolutionLvl` = 24, `evolutionNumber` = 47 WHERE `number` = 46;
UPDATE `Pokedex` SET `evolutionLvl` = 31, `evolutionNumber` = 49 WHERE `number` = 48;
UPDATE `Pokedex` SET `evolutionLvl` = 26, `evolutionNumber` = 51 WHERE `number` = 50;
UPDATE `Pokedex` SET `evolutionLvl` = 28, `evolutionNumber` = 53 WHERE `number` = 52;
UPDATE `Pokedex` SET `evolutionLvl` = 33, `evolutionNumber` = 55 WHERE `number` = 54;
UPDATE `Pokedex` SET `evolutionLvl` = 28, `evolutionNumber` = 57 WHERE `number` = 56;
UPDATE `Pokedex` SET `evolutionLvl` = -1, `evolutionNumber` = 59 WHERE `number` = 58;
UPDATE `Pokedex` SET `evolutionLvl` = -1, `evolutionNumber` = 62 WHERE `number` = 61;
UPDATE `Pokedex` SET `evolutionLvl` = 25, `evolutionNumber` = 61 WHERE `number` = 60;
UPDATE `Pokedex` SET `evolutionLvl` = -1, `evolutionNumber` = 65 WHERE `number` = 64;
UPDATE `Pokedex` SET `evolutionLvl` = 16, `evolutionNumber` = 64 WHERE `number` = 63;
UPDATE `Pokedex` SET `evolutionLvl` = -1, `evolutionNumber` = 68 WHERE `number` = 67;
UPDATE `Pokedex` SET `evolutionLvl` = 28, `evolutionNumber` = 67 WHERE `number` = 66;
UPDATE `Pokedex` SET `evolutionLvl` = -1, `evolutionNumber` = 71 WHERE `number` = 70;
UPDATE `Pokedex` SET `evolutionLvl` = 21, `evolutionNumber` = 70 WHERE `number` = 69;
UPDATE `Pokedex` SET `evolutionLvl` = 30, `evolutionNumber` = 73 WHERE `number` = 72;
UPDATE `Pokedex` SET `evolutionLvl` = -1, `evolutionNumber` = 76 WHERE `number` = 75;
UPDATE `Pokedex` SET `evolutionLvl` = 25, `evolutionNumber` = 75 WHERE `number` = 74;
UPDATE `Pokedex` SET `evolutionLvl` = 40, `evolutionNumber` = 78 WHERE `number` = 77;
UPDATE `Pokedex` SET `evolutionLvl` = 37, `evolutionNumber` = 80 WHERE `number` = 79;
UPDATE `Pokedex` SET `evolutionLvl` = 30, `evolutionNumber` = 82 WHERE `number` = 81;
UPDATE `Pokedex` SET `evolutionLvl` = 31, `evolutionNumber` = 85 WHERE `number` = 84;
UPDATE `Pokedex` SET `evolutionLvl` = 34, `evolutionNumber` = 87 WHERE `number` = 86;
UPDATE `Pokedex` SET `evolutionLvl` = 38, `evolutionNumber` = 89 WHERE `number` = 88;
UPDATE `Pokedex` SET `evolutionLvl` = -1, `evolutionNumber` = 91 WHERE `number` = 90;
UPDATE `Pokedex` SET `evolutionLvl` = -1, `evolutionNumber` = 94 WHERE `number` = 93;
UPDATE `Pokedex` SET `evolutionLvl` = 25, `evolutionNumber` = 93 WHERE `number` = 92;
UPDATE `Pokedex` SET `evolutionLvl` = 26, `evolutionNumber` = 97 WHERE `number` = 96;
UPDATE `Pokedex` SET `evolutionLvl` = 28, `evolutionNumber` = 99 WHERE `number` = 98;
UPDATE `Pokedex` SET `evolutionLvl` = 30, `evolutionNumber` = 101 WHERE `number` = 100;
UPDATE `Pokedex` SET `evolutionLvl` = -1, `evolutionNumber` = 103 WHERE `number` = 102;
UPDATE `Pokedex` SET `evolutionLvl` = 28, `evolutionNumber` = 105 WHERE `number` = 104;
UPDATE `Pokedex` SET `evolutionLvl` = 35, `evolutionNumber` = 110 WHERE `number` = 109;
UPDATE `Pokedex` SET `evolutionLvl` = 42, `evolutionNumber` = 112 WHERE `number` = 111;
UPDATE `Pokedex` SET `evolutionLvl` = 32, `evolutionNumber` = 117 WHERE `number` = 116;
UPDATE `Pokedex` SET `evolutionLvl` = 33, `evolutionNumber` = 119 WHERE `number` = 118;
UPDATE `Pokedex` SET `evolutionLvl` = -1, `evolutionNumber` = 121 WHERE `number` = 120;
UPDATE `Pokedex` SET `evolutionLvl` = 20, `evolutionNumber` = 130 WHERE `number` = 129;
UPDATE `Pokedex` SET `evolutionLvl` = -1, `evolutionNumber` = 134 WHERE `number` = 133;
UPDATE `Pokedex` SET `evolutionLvl` = 40, `evolutionNumber` = 139 WHERE `number` = 138;
UPDATE `Pokedex` SET `evolutionLvl` = 40, `evolutionNumber` = 141 WHERE `number` = 140;
UPDATE `Pokedex` SET `evolutionLvl` = 55, `evolutionNumber` = 149 WHERE `number` = 148;
UPDATE `Pokedex` SET `evolutionLvl` = 30, `evolutionNumber` = 148 WHERE `number` = 147;