USE `IMIE_ASR`;
INSERT INTO `Service`(`id`, `name`) VALUES
(1, 'SSH'),
(2, 'FTP'),
(3, 'SMTP'),
(4, 'Apache'),
(5, 'Tomcat'),
(6, 'IRC'),
(7, 'MySQL'),
(8, 'PostgreSQL'),
(9, 'OracleSQL');
INSERT INTO `Model`(`id`, `constructor`, `number`, `pocesor`, `ram`, `hdd`, `eth`, `wifi`, `year`) VALUES
(1, 'Apple', 'Mac Book Pro 15', 'Intel i7', 16, 500, 0, 1, 2013),
(2, 'Apple', 'Mac Mini', 'Intel i7', 32, 1000, 1, 1, 2013),
(3, 'HP', 'OMEN', 'Intel i5', 16, 1000, 1, 1, 2015),
(4, 'HP', 'Envy', 'Intel i7', 8, 1000, 0, 1, 2017),
(5, 'HP', 'OMEN Desktop', 'Intel i7', 32, 2000, 1, 0, 2018),
(6, 'Acer', 'Swift 7 Pro', 'Intel i7', 8, 256, 0, 1, 2017),
(7, 'Acer', 'Aspire 5 Pro 517-51GP ', 'Intel i5', 8, 1128, 1, 1, 2016),
(8, 'Dell', 'Alienware 17', 'Intel i9', 16, 1128, 1, 1, 2018),
(9, 'Dell', 'PowerEdge T430', 'Intel i7', 16, 1000, 1, 0, 2017),
(10, 'Dell', 'PowerEdge T640', 'Intel i7', 8, 600, 1, 0, 2017);
INSERT INTO `Campus`(`id`, `name`, `zip`) VALUES
(1, 'Caen', 14000),
(2, 'Rennes', 35000),
(3, 'Nantes', 44000),
(4, 'Angers', 49000);
INSERT INTO `Program`(`id`, `name`, `maxLevel`) VALUES
(1, 'DEV', 5),
(2, 'ASR', 1),
(3, 'E-Sport', 1);
INSERT INTO `Computer`(`id`, `idModel`, `macEth`, `macWifi`, `os`, `status`) VALUES
(1, 5, 'A6966B25627A', NULL, 'Debian 9.8', 1),
(2, 10, '030EB553370F', NULL, 'Debian 9.8', 1),
(3, 2, 'C839E1866CEB', '3B4D0FA6A4AF', 'Mac OS Mojave', 1),
(4, 9, 'ABE306D3C410', NULL, 'Debian 9.8', 1),
(5, 9, '969C6AD997F4', NULL, 'Debian 9.8', 1),
(6, 9, '42FB8E395D5D', NULL, 'Debian 9.8', 1),
(7, 5, '164336D08BAE', NULL, 'Debian 9.8', 1),
(8, 2, '2AB298A08F9D', '05D47F7A9306', 'Mac OS Mojave', 1),
(9, 5, '057EAF96B7AB', NULL, 'Debian 9.8', 1),
(10, 10, '055656FD81C5', NULL, 'Windows 10', 1),
(11, 3, 'FD23098C92D9', '1CDFDD9E29BE', 'Debian 9.8', 1),
(12, 8, '635FDE4C9846', 'DB5B21184F28', 'Debian 9.8', 1),
(13, 7, 'EC4B39EEA754', '4C446F6227E2', 'Windows 10', 1),
(14, 4, NULL, '7E875D58DCEC', 'Windows 10', 1),
(15, 3, 'C35FE81B7701', 'B8D128E83979', 'Debian 9.8', 1),
(16, 4, NULL, '816C387FE4E4', 'Windows 10', 1),
(17, 3, '559269F78460', '8777186353BA', 'Debian 9.8', 1),
(18, 1, NULL, 'FA3CE0C6A383', 'Mac OS Mojave', 1),
(19, 4, NULL, '8F504D7662D9', 'Debian 9.8', 1),
(20, 8, '2FA9910CC301', '4133D58E7532', 'Windows 10', 1),
(21, 1, NULL, '6C5FA328548B', 'Mac OS Mojave', 1),
(22, 6, NULL, '59388E5DDA85', 'Debian 9.8', 1),
(23, 3, '7383A84FA060', '3C3F91D6B850', 'Windows 10', 1),
(24, 4, NULL, '0BEDF0C1A1D5', 'Windows 10', 1),
(25, 3, '4BB50D040087', 'F083FF209679', 'Debian 9.8', 1),
(26, 6, NULL, '41FF26CCD9D0', 'Windows 10', 1),
(27, 7, '4BFD29E7A855', '96207EF5C5CD', 'Debian 9.8', 1),
(28, 3, '7D72EB594919', '2930FB2A0B75', 'Windows 10', 1),
(29, 6, NULL, '208C8D25A4D6', 'Windows 10', 1),
(30, 3, 'C5A8F7BFD17B', '5C20E9024DBC', 'Debian 9.8', 1),
(31, 1, NULL, '8B8C3C90849D', 'Mac OS Mojave', 1),
(32, 7, '87B6251B559A', '3DA53EF7611A', 'Debian 9.8', 1),
(33, 8, 'D1B2D5F94E28', 'C1C8F03CDA0D', 'Windows 10', 1),
(34, 4, NULL, 'B99BD10F4DBF', 'Debian 9.8', 1),
(35, 1, NULL, '806D73C21918', 'Mac OS Mojave', 1),
(36, 4, NULL, 'E3CF2A39CFBE', 'Windows 10', 1),
(37, 7, 'ECC77711D9DD', '98FAD2614B64', 'Windows 10', 1),
(38, 7, '56EEFD601716', '3E73CD3CAC1E', 'Windows 10', 1),
(39, 1, NULL, 'EEA45B19AC24', 'Mac OS Mojave', 1),
(40, 1, NULL, '62E20CFDE96D', 'Mac OS Mojave', 1),
(41, 1, NULL, 'D357D87D7129', 'Mac OS Mojave', 1),
(42, 1, NULL, '56A842EC5122', 'Mac OS Mojave', 1),
(43, 6, NULL, '600F3DCDD1E6', 'Debian 9.8', 1),
(44, 7, '23AD8EC059A8', 'A34A0178D4CB', 'Debian 9.8', 1),
(45, 1, NULL, 'B36C9A5DE7FA', 'Mac OS Mojave', 1),
(46, 6, NULL, 'E618D7A7E6C0', 'Windows 10', 1),
(47, 7, '028C674439D7', '92F4BF87ECBF', 'Debian 9.8', 1),
(48, 6, NULL, '4A9AAF6DAC3B', 'Windows 10', 1),
(49, 6, NULL, 'A923072F6CD3', 'Windows 10', 1),
(50, 8, '0A70270D1475', '1CD23576EE5D', 'Windows 10', 1),
(51, 4, NULL, '6CB18BABA797', 'Windows 10', 1),
(52, 1, NULL, 'AE81AE03AC6A', 'Mac OS Mojave', 1),
(53, 7, 'FE3C14CE254C', 'DF2BC3C33068', 'Debian 9.8', 1),
(54, 8, '071E8781D2E1', '034EBCCFDAD8', 'Windows 10', 1),
(55, 3, '30607040DF91', '35DA80B75421', 'Windows 10', 1),
(56, 7, '0723570E44D0', 'C9A3DE7A3E09', 'Windows 10', 1),
(57, 3, '23522461E228', '2E9670A9935D', 'Windows 10', 1),
(58, 4, NULL, 'E84907913218', 'Debian 9.8', 1),
(59, 8, '493D76926330', '2115B47CBAA7', 'Debian 9.8', 1),
(60, 3, 'D42FEEAF21D7', '0913E5B5FD06', 'Windows 10', 1),
(61, 8, 'CCC81B7AEFF8', '89FECC3C696B', 'Windows 10', 1),
(62, 7, '7417D59D01D1', '3C249F163F83', 'Debian 9.8', 1),
(63, 4, NULL, 'C590792E785E', 'Debian 9.8', 1),
(64, 7, '8AFBEDC54620', 'A41FA3D07B6D', 'Debian 9.8', 1),
(65, 1, NULL, '51D324441479', 'Mac OS Mojave', 1),
(66, 4, NULL, 'EB234860D09B', 'Windows 10', 1),
(67, 7, '77CDD6B08087', '01CFC74AA019', 'Debian 9.8', 1),
(68, 7, '69540B922DA9', 'AB37F037BDCF', 'Debian 9.8', 1),
(69, 1, NULL, 'E772F19FC80B', 'Mac OS Mojave', 1),
(70, 6, NULL, '5DBEB722F7D9', 'Windows 10', 1),
(71, 4, NULL, 'EF9774C46C0B', 'Windows 10', 1),
(72, 3, '05A3A9D06712', '54E221300D13', 'Debian 9.8', 1),
(73, 1, NULL, '2558F759EBF7', 'Mac OS Mojave', 1),
(74, 6, NULL, '4C38B5851566', 'Windows 10', 1),
(75, 7, 'AF78AA644D31', '5756B8A0E6BA', 'Windows 10', 1),
(76, 7, 'C4FBBA3E403D', '756A7CC8C0A0', 'Windows 10', 1),
(77, 8, '1B638F51B44D', 'B07109184189', 'Debian 9.8', 1),
(78, 1, NULL, '6554558832CA', 'Mac OS Mojave', 1),
(79, 1, NULL, '8E3D7595EEFD', 'Mac OS Mojave', 1),
(80, 4, NULL, '1D8E325C4283', 'Debian 9.8', 1),
(81, 3, '8CCA300C20F7', 'D19282BFE7F7', 'Windows 10', 1),
(82, 3, '6C8A15275D17', 'D8681EB8C0EC', 'Windows 10', 1),
(83, 6, NULL, '0F88092DA8B5', 'Windows 10', 1),
(84, 1, NULL, '71C04092B6DB', 'Mac OS Mojave', 1),
(85, 1, NULL, '2AAAB14CD9DB', 'Mac OS Mojave', 1),
(86, 3, '287B59EDC11E', '3900114E79DB', 'Debian 9.8', 1),
(87, 1, NULL, 'CBD70C485A9B', 'Mac OS Mojave', 1),
(88, 3, 'A46ACDB79D00', '7F8DCB09E11B', 'Debian 9.8', 1),
(89, 4, NULL, 'D2D903174C68', 'Windows 10', 1),
(90, 3, '2EAA818172F5', '6994307B261C', 'Windows 10', 1),
(91, 3, '3DFA2F00C2D9', '842D2314E378', 'Windows 10', 1),
(92, 8, 'B3F0C9690F71', 'C73858F3E87C', 'Debian 9.8', 1),
(93, 4, NULL, '2456A3EFE6B0', 'Windows 10', 1),
(94, 8, 'AA70E8A838F3', '80240061BED8', 'Debian 9.8', 1),
(95, 3, 'BF63876B7B03', '7CDE4527A891', 'Windows 10', 1),
(96, 1, NULL, 'EDAC25C77595', 'Mac OS Mojave', 1),
(97, 3, '1C163D2A47F4', '78221040B5C1', 'Windows 10', 1),
(98, 3, 'A5EF1390A189', '14E1D9E015E5', 'Windows 10', 1),
(99, 7, 'A5BB75A11103', '38A772FC29E6', 'Debian 9.8', 1),
(100, 4, NULL, 'D1F567CBC788', 'Debian 9.8', 1),
(101, 4, NULL, '0C888C859DC9', 'Windows 10', 1),
(102, 1, NULL, 'E5EF2C0379C6', 'Mac OS Mojave', 1),
(103, 7, '6B78D3D18104', 'F2C374A9CA1A', 'Windows 10', 1),
(104, 1, NULL, '53B2C91FB92A', 'Mac OS Mojave', 1),
(105, 8, 'F4599EEC1B5A', 'F5317D0CC23E', 'Windows 10', 1),
(106, 8, 'FD9A05E12F63', 'CD2B42C680D0', 'Debian 9.8', 1),
(107, 7, '9771F9F40967', '53BA1C759CE3', 'Windows 10', 1),
(108, 1, NULL, '65B893935847', 'Mac OS Mojave', 1),
(109, 3, 'BB32BB5947AC', '8B6F8719D4F4', 'Windows 10', 1),
(110, 8, 'C3B396A07E0C', '03EDB3A94702', 'Windows 10', 1),
(111, 1, NULL, 'F6799EA99B6D', 'Mac OS Mojave', 1),
(112, 7, '9BCC6B60BAF6', '1FE2D04D6843', 'Debian 9.8', 1),
(113, 7, 'E51B00A59D02', '476552A0967E', 'Windows 10', 1),
(114, 7, '31BD83C907C3', 'BE376C97DF2E', 'Windows 10', 1),
(115, 4, NULL, '4442BCC7B5E1', 'Windows 10', 1),
(116, 7, '0061DCDE70F1', '2DB15853FCEB', 'Windows 10', 1),
(117, 4, NULL, 'B4D82D50DFE6', 'Debian 9.8', 1),
(118, 1, NULL, '7126037AF8AD', 'Mac OS Mojave', 1),
(119, 6, NULL, 'ED1D136CBF08', 'Debian 9.8', 1),
(120, 3, 'B1AE8718BC2E', '017F62F3743E', 'Debian 9.8', 1),
(121, 4, NULL, '2A5D2EDC5971', 'Windows 10', 1),
(122, 1, NULL, '2F315C597E02', 'Mac OS Mojave', 1),
(123, 7, '4EC72AF68558', 'EBF5A4C26F02', 'Debian 9.8', 1),
(124, 1, NULL, '804ED6830677', 'Mac OS Mojave', 1),
(125, 1, NULL, '2A412508B239', 'Mac OS Mojave', 1),
(126, 7, 'D1487266E176', 'E3DC590C68A7', 'Windows 10', 1),
(127, 1, NULL, '5401DE2BA882', 'Mac OS Mojave', 1),
(128, 6, NULL, 'FBA080070849', 'Debian 9.8', 1),
(129, 8, '17A3809A489B', 'D61793CDB8EB', 'Debian 9.8', 1),
(130, 7, '14DE152D77F9', 'CECCE7837F54', 'Windows 10', 1),
(131, 1, NULL, '880C91121784', 'Mac OS Mojave', 1),
(132, 6, NULL, '6B743C950055', 'Windows 10', 1),
(133, 4, NULL, '7C1955E1BA91', 'Debian 9.8', 1),
(134, 1, NULL, '5613B2AF5C35', 'Mac OS Mojave', 1),
(135, 7, 'BE40E2BD3395', 'D28EF8A9368F', 'Debian 9.8', 1),
(136, 7, '91A7BCB54224', '3C86A4EC4B0D', 'Windows 10', 1),
(137, 6, NULL, '4E370E734013', 'Windows 10', 1),
(138, 8, '683735C1A788', '999802C4366E', 'Windows 10', 1),
(139, 7, '945976121386', '4621F57090B1', 'Windows 10', 1),
(140, 7, 'A96E59C6C791', '88421EADBE23', 'Windows 10', 1),
(141, 3, 'CE0C93DB45C0', 'DA8B50AF5424', 'Windows 10', 1),
(142, 1, NULL, 'FF5ABBC539A1', 'Mac OS Mojave', 1),
(143, 8, '701FF7E53AD8', 'A820B63D5FDC', 'Windows 10', 1),
(144, 4, NULL, 'D4CB487EFB50', 'Windows 10', 1),
(145, 4, NULL, 'E18342844B91', 'Windows 10', 1),
(146, 8, '456CFB07CA42', 'DE35718AD136', 'Debian 9.8', 1),
(147, 4, NULL, '9148FC1B8624', 'Windows 10', 1),
(148, 1, NULL, '4B6DDB0C45C8', 'Mac OS Mojave', 1),
(149, 3, '57FF29641373', 'EFD731305DB8', 'Debian 9.8', 1),
(150, 3, '1E6B8E6053F3', 'D105DD259B89', 'Windows 10', 1),
(151, 7, '47B8A56FE8B3', '22D9F49F07B2', 'Debian 9.8', 1),
(152, 4, NULL, '8508E5F2C154', 'Windows 10', 1),
(153, 6, NULL, '438F58655625', 'Debian 9.8', 1),
(154, 3, '469C6B385B07', '7685ECE541AD', 'Windows 10', 1),
(155, 7, 'F44764DD8594', 'F2D769508215', 'Debian 9.8', 1),
(156, 1, NULL, '200FB8A2644C', 'Mac OS Mojave', 1),
(157, 4, NULL, 'FF0A0FAAE13B', 'Debian 9.8', 1),
(158, 7, '783D8F61AF78', 'E4F76D2057B3', 'Windows 10', 1),
(159, 6, NULL, '65712BCE045F', 'Windows 10', 1),
(160, 8, '40965B4BC4E1', 'D2DDEF94349B', 'Debian 9.8', 1),
(161, 6, NULL, '265C9987BF42', 'Windows 10', 1),
(162, 4, NULL, '8AB7DF762BD2', 'Debian 9.8', 1),
(163, 3, 'C15C51452924', '9AA172E80A42', 'Debian 9.8', 1),
(164, 1, NULL, '004E0D922A18', 'Mac OS Mojave', 1),
(165, 7, '2EB78326EB49', 'CA3FB6075B3C', 'Debian 9.8', 1),
(166, 3, '310FC2C962C8', '4335E88AEEA5', 'Debian 9.8', 1),
(167, 3, 'CF32CDE2D389', 'D26785034E0D', 'Windows 10', 1),
(168, 4, NULL, 'E1A074DF46B8', 'Windows 10', 1),
(169, 7, '7972DD65DE9F', '11D4A318DE9C', 'Debian 9.8', 1),
(170, 6, NULL, '8CFD998864F0', 'Windows 10', 1),
(171, 1, NULL, '7530B6AF225E', 'Mac OS Mojave', 1),
(172, 4, NULL, '1A4F869BB84D', 'Windows 10', 1),
(173, 3, 'AEFD3C28467B', '7CD0822C10AF', 'Windows 10', 1),
(174, 1, NULL, '72E5FB24E3F1', 'Mac OS Mojave', 1),
(175, 8, 'BFA7DD0227FB', '65A3F612BC48', 'Debian 9.8', 1),
(176, 7, '72C3B9A0EF3E', 'ACBA3D67FB33', 'Windows 10', 1),
(177, 4, NULL, '5E7D479BB56E', 'Debian 9.8', 1),
(178, 7, '70B86653B309', 'DF787665E874', 'Windows 10', 1),
(179, 4, NULL, '840CB9F106E1', 'Debian 9.8', 1),
(180, 3, '08CAFC22BECB', '8767741AC06D', 'Debian 9.8', 1),
(181, 4, NULL, '5F57A9E6B92C', 'Windows 10', 1),
(182, 1, NULL, '8FE054586001', 'Mac OS Mojave', 1),
(183, 1, NULL, '0B3F32908F09', 'Mac OS Mojave', 1),
(184, 6, NULL, '002A6DDA24BB', 'Windows 10', 1),
(185, 3, '8689011581AF', '18C055AE7999', 'Windows 10', 1),
(186, 8, '3C7C8C30B054', '0C7611BE6ECF', 'Debian 9.8', 1),
(187, 6, NULL, 'A009F25DE210', 'Debian 9.8', 1),
(188, 4, NULL, '35289AC3CCA0', 'Windows 10', 1),
(189, 3, '94E63C851AE7', 'EB15E133813F', 'Windows 10', 1),
(190, 7, '0B4F14B5E786', '563D6EF23C86', 'Windows 10', 1),
(191, 7, 'FC9FA220ACE4', 'D27340EEEC4B', 'Windows 10', 1),
(192, 1, NULL, '36895B15F58A', 'Mac OS Mojave', 1),
(193, 8, '9D7AB13EFBF3', '6BF11579D6D4', 'Debian 9.8', 1),
(194, 1, NULL, '5DBCA992993C', 'Mac OS Mojave', 1),
(195, 8, '5587CD85C726', 'C55C7969D179', 'Debian 9.8', 1),
(196, 1, NULL, '137A25E1DFB9', 'Mac OS Mojave', 1),
(197, 1, NULL, 'B1DD74B8C88F', 'Mac OS Mojave', 1),
(198, 3, '40B5A4AE5DDD', 'E21264CEA39D', 'Windows 10', 1),
(199, 4, NULL, '1BB8BA10345A', 'Debian 9.8', 1),
(200, 3, 'DC366065E9A4', '32617B739DFB', 'Debian 9.8', 1),
(201, 6, NULL, '1CC92792973B', 'Debian 9.8', 1),
(202, 7, '3431986ED296', 'F49BF5313077', 'Windows 10', 1),
(203, 6, NULL, '8B2C17BC1DC2', 'Debian 9.8', 1),
(204, 6, NULL, '092F15D45F22', 'Windows 10', 1),
(205, 4, NULL, '583589E447E7', 'Windows 10', 1),
(206, 1, NULL, 'A469B6604ACE', 'Mac OS Mojave', 1),
(207, 7, '412DAE009895', 'D1C7AAF8E5AA', 'Debian 9.8', 1),
(208, 3, '13B24AD51CEA', '394164F1D2FE', 'Debian 9.8', 1),
(209, 8, '6180D4C5932D', 'CC665A361B03', 'Windows 10', 1),
(210, 7, 'EC288498F7EF', 'D0AFD82E158D', 'Windows 10', 1);
INSERT INTO `Server`(`id`, `idComputer`, `idCampus`, `ip`) VALUES
(1, 1, 2, '192168001208'),
(2, 2, 2, '192168001218'),
(3, 3, 1, '192168001211'),
(4, 4, 1, '192168001214'),
(5, 5, 4, '192168001207'),
(6, 6, 1, '192168001200'),
(7, 7, 2, '192168001209'),
(8, 8, 3, '192168001214'),
(9, 9, 1, '192168001213'),
(10, 10, 4, '192168001203');
INSERT INTO `Port`(`idServer`, `idService`, `number`) VALUES
(1, 4, '80'),
(1, 6, '6697'),
(1, 9, '1521'),
(2, 4, '80'),
(2, 7, '3306'),
(2, 8, '5432'),
(2, 3, '25'),
(2, 2, '21'),
(2, 6, '6697'),
(3, 7, '3306'),
(3, 2, '21'),
(3, 4, '80'),
(3, 3, '25'),
(4, 6, '6697'),
(4, 4, '80'),
(4, 3, '25'),
(4, 8, '5432'),
(4, 5, '8080'),
(4, 2, '21'),
(4, 7, '3306'),
(5, 8, '5432'),
(5, 5, '8080'),
(5, 9, '1521'),
(5, 3, '25'),
(5, 2, '21'),
(6, 5, '8080'),
(6, 8, '5432'),
(6, 1, '22'),
(6, 7, '3306'),
(6, 9, '1521'),
(6, 6, '6697'),
(7, 4, '80'),
(7, 6, '6697'),
(7, 1, '22'),
(7, 9, '1521'),
(7, 7, '3306'),
(7, 5, '8080'),
(8, 3, '25'),
(8, 6, '6697'),
(8, 2, '21'),
(8, 9, '1521'),
(8, 7, '3306'),
(8, 5, '8080'),
(9, 2, '21'),
(9, 8, '5432'),
(9, 3, '25'),
(10, 4, '80'),
(10, 1, '22'),
(10, 6, '6697'),
(10, 8, '5432'),
(10, 9, '1521'),
(10, 7, '3306'),
(10, 2, '21');
INSERT INTO `ProgramInCampus`(`idCampus`, `idProgram`) VALUES
(1, 1),
(1, 2),
(2, 3),
(3, 2),
(3, 3),
(4, 2),
(4, 3);
INSERT INTO `Promo`(`id`, `year`, `idCampus`, `idProgram`) VALUES
(1, 2016, 1, 1),
(2, 2017, 1, 1),
(3, 2018, 4, 2),
(4, 2018, 4, 2),
(5, 2018, 2, 3),
(6, 2018, 2, 3),
(7, 2018, 3, 3),
(8, 2018, 3, 3),
(9, 2018, 3, 3),
(10, 2018, 2, 3),
(11, 2018, 3, 2),
(12, 2018, 1, 1),
(13, 2018, 4, 3);
INSERT INTO `Student`(`id`, `firstName`, `lastName`, `idPromo`) VALUES
(1, 'Liam', 'Kelly', 1),
(2, 'Jude', 'Young', 1),
(3, 'Lola', 'Mitchell', 1),
(4, 'Maria', 'Powell', 1),
(5, 'Reuben', 'Washington', 1),
(6, 'Elliott', 'Ward', 1),
(7, 'Mila', 'Moore', 1),
(8, 'Sienna', 'Rogers', 1),
(9, 'Finley', 'Martinez', 1),
(10, 'Scarlett', 'Cooper', 1),
(11, 'Benjamin', 'Mitchell', 1),
(12, 'Theodore', 'Collins', 1),
(13, 'Alfie', 'Lopez', 1),
(14, 'Evie', 'Diaz', 1),
(15, 'Annabelle', 'Flores', 1),
(16, 'Leon', 'Perry', 1),
(17, 'Imogen', 'Baker', 1),
(18, 'Gracie', 'Ramirez', 1),
(19, 'Leon', 'Flores', 2),
(20, 'Alice', 'Ramirez', 2),
(21, 'Ollie', 'Flores', 2),
(22, 'Thea', 'Cox', 2),
(23, 'Sienna', 'Washington', 2),
(24, 'Ivy', 'Nelson', 2),
(25, 'Jasmine', 'Martinez', 2),
(26, 'Evie', 'Gray', 2),
(27, 'Leah', 'Jenkins', 2),
(28, 'Noah', 'Sanchez', 2),
(29, 'Samuel', 'Barnes', 2),
(30, 'Finn', 'Russell', 3),
(31, 'Connor', 'Moore', 3),
(32, 'Matilda', 'Smith', 3),
(33, 'Frankie', 'Robinson', 3),
(34, 'Chloe', 'Miller', 3),
(35, 'Louie', 'Miller', 3),
(36, 'Sophia', 'Reed', 3),
(37, 'Caleb', 'Sanchez', 3),
(38, 'Orla', 'Thomas', 3),
(39, 'Aiden', 'Kelly', 3),
(40, 'Finn', 'Wood', 3),
(41, 'Scarlett', 'Robinson', 3),
(42, 'Layla', 'Hayes', 3),
(43, 'Emilia', 'Martinez', 3),
(44, 'Erin', 'Evans', 4),
(45, 'Ben', 'Morris', 4),
(46, 'Alex', 'Perez', 4),
(47, 'Maya', 'Bennett', 4),
(48, 'Zara', 'Russell', 4),
(49, 'Adam', 'Howard', 4),
(50, 'Jackson', 'Wilson', 4),
(51, 'Ellis', 'Collins', 4),
(52, 'Daisy', 'Davis', 4),
(53, 'Ivy', 'Morris', 4),
(54, 'Maisie', 'Turner', 4),
(55, 'Jayden', 'Davis', 4),
(56, 'Finn', 'Morris', 5),
(57, 'Edward', 'Simmons', 5),
(58, 'Rory', 'Bryant', 5),
(59, 'Isla', 'Martinez', 5),
(60, 'Aria', 'Nelson', 5),
(61, 'Archie', 'Williams', 5),
(62, 'Joseph', 'Long', 5),
(63, 'Megan', 'Lewis', 5),
(64, 'Daisy', 'Simmons', 5),
(65, 'Bobby', 'Collins', 5),
(66, 'Alice', 'Kelly', 5),
(67, 'Frankie', 'Parker', 5),
(68, 'Aria', 'Cook', 5),
(69, 'James', 'Price', 5),
(70, 'Millie', 'Watson', 5),
(71, 'Jack', 'Washington', 5),
(72, 'Maria', 'Jenkins', 5),
(73, 'Samuel', 'Patterson', 5),
(74, 'Ella', 'Scott', 6),
(75, 'Amelie', 'Bell', 6),
(76, 'Connor', 'Davis', 6),
(77, 'Erin', 'Rivera', 6),
(78, 'Bella', 'Howard', 6),
(79, 'Frankie', 'Anderson', 6),
(80, 'Thea', 'Jones', 6),
(81, 'Ellie', 'Perry', 6),
(82, 'Lottie', 'Cook', 6),
(83, 'Lewis', 'Young', 6),
(84, 'Aaron', 'Hall', 6),
(85, 'Louis', 'Hernandez', 6),
(86, 'Zoe', 'Alexander', 6),
(87, 'Maisie', 'Nelson', 6),
(88, 'Harley', 'Campbell', 6),
(89, 'Riley', 'Sanders', 6),
(90, 'Emilia', 'Peterson', 6),
(91, 'Arthur', 'Hill', 6),
(92, 'Freya', 'Williams', 7),
(93, 'Harvey', 'Morgan', 7),
(94, 'Aiden', 'Torres', 7),
(95, 'Jack', 'Henderson', 7),
(96, 'Isla', 'Anderson', 7),
(97, 'Matthew', 'Morris', 7),
(98, 'Aaron', 'Garcia', 7),
(99, 'Ryan', 'Thompson', 7),
(100, 'Gabriel', 'Scott', 7),
(101, 'Jasmine', 'Martinez', 7),
(102, 'Joseph', 'Richardson', 7),
(103, 'Ella', 'Rivera', 7),
(104, 'Ezra', 'Ramirez', 7),
(105, 'Henry', 'Roberts', 7),
(106, 'Lola', 'Clark', 7),
(107, 'Leah', 'Martinez', 7),
(108, 'Connor', 'Wilson', 7),
(109, 'Orla', 'Flores', 7),
(110, 'Lewis', 'Hall', 7),
(111, 'Alice', 'Cox', 8),
(112, 'Eli', 'Hall', 8),
(113, 'Ava', 'Taylor', 8),
(114, 'Charlie', 'Roberts', 8),
(115, 'Luca', 'Alexander', 8),
(116, 'Ryan', 'Baker', 8),
(117, 'Leo', 'Thompson', 8),
(118, 'David', 'Simmons', 8),
(119, 'George', 'Miller', 8),
(120, 'Georgia', 'Robinson', 8),
(121, 'Leah', 'Gonzales', 8),
(122, 'Katie', 'Turner', 8),
(123, 'Matilda', 'Brooks', 8),
(124, 'Darcie', 'Washington', 8),
(125, 'Matilda', 'Foster', 8),
(126, 'Eva', 'Price', 8),
(127, 'Gabriel', 'Thomas', 8),
(128, 'Scarlett', 'Washington', 8),
(129, 'Orla', 'Baker', 8),
(130, 'Albie', 'Hill', 8),
(131, 'Oscar', 'Long', 8),
(132, 'Lily', 'Anderson', 8),
(133, 'Jude', 'Evans', 9),
(134, 'Gabriel', 'Alexander', 9),
(135, 'Martha', 'Wright', 9),
(136, 'Luke', 'Barnes', 9),
(137, 'Liam', 'Brooks', 9),
(138, 'Sophie', 'Powell', 9),
(139, 'Jack', 'Martin', 9),
(140, 'Kai', 'Morris', 9),
(141, 'Arabella', 'Gonzalez', 9),
(142, 'Ryan', 'James', 9),
(143, 'Amelie', 'Hall', 9),
(144, 'Iris', 'Parker', 9),
(145, 'Hugo', 'Johnson', 9),
(146, 'Annabelle', 'Edwards', 9),
(147, 'Aria', 'Allen', 9),
(148, 'Jaxon', 'Ramirez', 9),
(149, 'Elliott', 'Diaz', 9),
(150, 'Gracie', 'Harris', 10),
(151, 'Jackson', 'Powell', 10),
(152, 'Leon', 'Bennett', 10),
(153, 'Joshua', 'James', 10),
(154, 'Alexander', 'Richardson', 10),
(155, 'Alfie', 'Jenkins', 10),
(156, 'Violet', 'Hernandez', 10),
(157, 'Maddison', 'Powell', 10),
(158, 'Martha', 'Watson', 10),
(159, 'Sebastian', 'Peterson', 10),
(160, 'Rose', 'Simmons', 11),
(161, 'Lyla', 'Butler', 11),
(162, 'Luca', 'Coleman', 11),
(163, 'Evie', 'Flores', 11),
(164, 'Lilly', 'Hall', 11),
(165, 'Dylan', 'Foster', 11),
(166, 'Martha', 'Hernandez', 11),
(167, 'Nancy', 'Martinez', 11),
(168, 'Jamie', 'Rodriguez', 11),
(169, 'Erin', 'Miller', 11),
(170, 'Charlotte', 'Jones', 11),
(171, 'Liam', 'Russell', 11),
(172, 'Rosie', 'Simmons', 12),
(173, 'Violet', 'Rogers', 12),
(174, 'Lexi', 'Lee', 12),
(175, 'Leah', 'Powell', 12),
(176, 'Lottie', 'Thompson', 12),
(177, 'Daniel', 'Patterson', 12),
(178, 'Archie', 'Rogers', 12),
(179, 'Eleanor', 'Gonzalez', 12),
(180, 'Ivy', 'Garcia', 12),
(181, 'Charlotte', 'Jenkins', 12),
(182, 'Austin', 'Phillips', 12),
(183, 'Summer', 'Torres', 12),
(184, 'Lincoln', 'Lee', 12),
(185, 'Elijah', 'Ward', 12),
(186, 'Blake', 'Stewart', 12),
(187, 'Oliver', 'Baker', 12),
(188, 'Blake', 'Ramirez', 12),
(189, 'Phoebe', 'Cook', 12),
(190, 'Jude', 'Long', 12),
(191, 'Ethan', 'Hall', 12),
(192, 'Jack', 'Jenkins', 12),
(193, 'Bella', 'Garcia', 13),
(194, 'Bobby', 'Torres', 13),
(195, 'Bobby', 'Johnson', 13),
(196, 'Teddy', 'Perry', 13),
(197, 'Lottie', 'Roberts', 13),
(198, 'Katie', 'Garcia', 13),
(199, 'Austin', 'Powell', 13),
(200, 'Clara', 'Patterson', 13),
(201, 'Isaac', 'Rogers', 13),
(202, 'Olivia', 'Ramirez', 13),
(203, 'Mason', 'Campbell', 13),
(204, 'Jayden', 'Sanders', 13),
(205, 'Lucas', 'Murphy', 13),
(206, 'Florence', 'Richardson', 13),
(207, 'Gracie', 'Brown', 13),
(208, 'Joshua', 'Jenkins', 13),
(209, 'Elizabeth', 'Young', 13),
(210, 'Lincoln', 'Mitchell', 13),
(211, 'Jack', 'Scott', 13),
(212, 'Eleanor', 'Robinson', 13),
(213, 'Austin', 'Young', 13);
INSERT INTO `Loan`(`idComputer`, `idStudent`, `start`, `end`) VALUES
(131, 16, '2018-09-01', NULL),
(106, 193, '2018-09-01', NULL),
(119, 127, '2018-09-01', NULL),
(157, 139, '2018-09-01', NULL),
(40, 152, '2018-09-01', NULL),
(142, 166, '2018-09-01', NULL),
(112, 135, '2018-09-01', NULL),
(138, 130, '2018-09-01', NULL),
(162, 133, '2018-09-01', NULL),
(141, 42, '2018-09-01', NULL),
(160, 157, '2018-09-01', NULL),
(27, 61, '2018-09-01', NULL),
(183, 2, '2017-09-01', NULL),
(170, 91, '2018-09-01', NULL),
(163, 53, '2018-09-01', NULL),
(136, 58, '2018-09-01', NULL),
(75, 74, '2018-09-01', NULL),
(175, 172, '2018-09-01', NULL),
(73, 9, '2017-09-01', NULL),
(139, 123, '2018-09-01', NULL),
(110, 97, '2018-09-01', NULL),
(189, 4, '2016-09-01', NULL),
(26, 115, '2018-09-01', NULL),
(16, 198, '2018-09-01', NULL),
(177, 196, '2018-09-01', NULL),
(171, 211, '2018-09-01', NULL),
(85, 141, '2018-09-01', NULL),
(129, 75, '2018-09-01', NULL),
(67, 200, '2018-09-01', NULL),
(125, 116, '2018-09-01', NULL),
(165, 30, '2018-09-01', NULL),
(99, 86, '2018-09-01', NULL),
(69, 132, '2018-09-01', NULL),
(86, 159, '2018-09-01', NULL),
(91, 189, '2018-09-01', NULL),
(105, 81, '2018-09-01', NULL),
(66, 190, '2018-09-01', NULL),
(95, 183, '2018-09-01', NULL),
(116, 31, '2018-09-01', NULL),
(21, 20, '2017-09-01', NULL),
(84, 160, '2018-09-01', NULL),
(153, 210, '2018-09-01', NULL),
(100, 107, '2018-09-01', NULL),
(41, 59, '2018-09-01', NULL),
(169, 153, '2018-09-01', NULL),
(210, 95, '2018-09-01', NULL),
(82, 201, '2018-09-01', NULL),
(24, 22, '2018-09-01', NULL),
(115, 173, '2018-09-01', NULL),
(191, 155, '2018-09-01', NULL),
(39, 32, '2018-09-01', NULL),
(68, 163, '2018-09-01', NULL),
(76, 179, '2018-09-01', NULL),
(109, 148, '2018-09-01', NULL),
(74, 13, '2018-09-01', NULL),
(22, 205, '2018-09-01', NULL),
(156, 12, '2017-09-01', NULL),
(70, 65, '2018-09-01', NULL),
(60, 156, '2018-09-01', NULL),
(72, 62, '2018-09-01', NULL),
(13, 140, '2018-09-01', NULL),
(42, 21, '2017-09-01', NULL),
(203, 88, '2018-09-01', NULL),
(121, 120, '2018-09-01', NULL),
(186, 90, '2018-09-01', NULL),
(61, 185, '2018-09-01', NULL),
(56, 52, '2018-09-01', NULL),
(90, 209, '2018-09-01', NULL),
(158, 73, '2018-09-01', NULL),
(168, 117, '2018-09-01', NULL),
(35, 113, '2018-09-01', NULL),
(77, 24, '2018-09-01', NULL),
(111, 202, '2018-09-01', NULL),
(198, 54, '2018-09-01', NULL),
(65, 26, '2017-09-01', NULL),
(101, 143, '2018-09-01', NULL),
(149, 87, '2018-09-01', NULL),
(172, 137, '2018-09-01', NULL),
(128, 47, '2018-09-01', NULL),
(47, 43, '2018-09-01', NULL),
(36, 7, '2017-09-01', NULL),
(146, 49, '2018-09-01', NULL),
(187, 72, '2018-09-01', NULL),
(118, 151, '2018-09-01', NULL),
(12, 150, '2018-09-01', NULL),
(199, 34, '2018-09-01', NULL),
(188, 25, '2018-09-01', NULL),
(32, 35, '2018-09-01', NULL),
(43, 56, '2018-09-01', NULL),
(208, 19, '2018-09-01', NULL),
(147, 8, '2016-09-01', NULL),
(193, 50, '2018-09-01', NULL),
(197, 92, '2018-09-01', NULL),
(148, 99, '2018-09-01', NULL),
(179, 103, '2018-09-01', NULL),
(174, 208, '2018-09-01', NULL),
(113, 46, '2018-09-01', NULL),
(71, 23, '2018-09-01', NULL),
(176, 79, '2018-09-01', NULL),
(38, 174, '2018-09-01', NULL),
(25, 118, '2018-09-01', NULL),
(154, 170, '2018-09-01', NULL),
(178, 146, '2018-09-01', NULL),
(57, 184, '2018-09-01', NULL),
(49, 177, '2018-09-01', NULL),
(150, 105, '2018-09-01', NULL),
(19, 98, '2018-09-01', NULL),
(114, 158, '2018-09-01', NULL),
(185, 60, '2018-09-01', NULL),
(34, 108, '2018-09-01', NULL),
(144, 126, '2018-09-01', NULL),
(46, 5, '2017-09-01', NULL),
(151, 197, '2018-09-01', NULL),
(59, 111, '2018-09-01', NULL),
(58, 71, '2018-09-01', NULL),
(17, 104, '2018-09-01', NULL),
(87, 28, '2017-09-01', NULL),
(48, 84, '2018-09-01', NULL),
(130, 125, '2018-09-01', NULL),
(44, 38, '2018-09-01', NULL),
(52, 181, '2018-09-01', NULL),
(120, 131, '2018-09-01', NULL),
(166, 29, '2018-09-01', NULL),
(196, 78, '2018-09-01', NULL),
(123, 94, '2018-09-01', NULL),
(98, 14, '2017-09-01', NULL),
(33, 66, '2018-09-01', NULL),
(132, 110, '2018-09-01', NULL),
(92, 171, '2018-09-01', NULL),
(124, 212, '2018-09-01', NULL),
(152, 203, '2018-09-01', NULL),
(107, 119, '2018-09-01', NULL),
(155, 45, '2018-09-01', NULL),
(117, 154, '2018-09-01', NULL),
(94, 204, '2018-09-01', NULL),
(15, 168, '2018-09-01', NULL),
(194, 121, '2018-09-01', NULL),
(28, 82, '2018-09-01', NULL),
(29, 178, '2018-09-01', NULL),
(55, 39, '2018-09-01', NULL),
(137, 164, '2018-09-01', NULL),
(164, 85, '2018-09-01', NULL),
(63, 55, '2018-09-01', NULL),
(89, 109, '2018-09-01', NULL),
(206, 106, '2018-09-01', NULL),
(167, 27, '2018-09-01', NULL),
(181, 11, '2017-09-01', NULL),
(207, 100, '2018-09-01', NULL),
(184, 69, '2018-09-01', NULL),
(62, 93, '2018-09-01', NULL),
(161, 147, '2018-09-01', NULL),
(127, 41, '2018-09-01', NULL),
(190, 37, '2018-09-01', NULL),
(51, 122, '2018-09-01', NULL),
(64, 194, '2018-09-01', NULL),
(209, 169, '2018-09-01', NULL),
(126, 89, '2018-09-01', NULL),
(81, 165, '2018-09-01', NULL),
(45, 136, '2018-09-01', NULL),
(159, 195, '2018-09-01', NULL),
(145, 80, '2018-09-01', NULL),
(140, 6, '2017-09-01', NULL),
(18, 191, '2018-09-01', NULL),
(135, 128, '2018-09-01', NULL),
(180, 10, '2016-09-01', NULL),
(96, 180, '2018-09-01', NULL),
(122, 112, '2018-09-01', NULL),
(30, 83, '2018-09-01', NULL),
(97, 176, '2018-09-01', NULL),
(204, 134, '2018-09-01', NULL),
(201, 17, '2018-09-01', NULL),
(54, 15, '2017-09-01', NULL),
(53, 76, '2018-09-01', NULL),
(78, 48, '2018-09-01', NULL),
(50, 68, '2018-09-01', NULL),
(31, 175, '2018-09-01', NULL),
(80, 77, '2018-09-01', NULL),
(192, 206, '2018-09-01', NULL),
(108, 138, '2018-09-01', NULL),
(134, 101, '2018-09-01', NULL),
(103, 129, '2018-09-01', NULL),
(79, 70, '2018-09-01', NULL),
(104, 36, '2018-09-01', NULL),
(173, 145, '2018-09-01', NULL),
(20, 1, '2018-09-01', NULL),
(133, 33, '2018-09-01', NULL),
(202, 188, '2018-09-01', NULL),
(205, 114, '2018-09-01', NULL),
(182, 161, '2018-09-01', NULL),
(200, 64, '2018-09-01', NULL),
(83, 63, '2018-09-01', NULL),
(23, 51, '2018-09-01', NULL),
(37, 192, '2018-09-01', NULL),
(93, 124, '2018-09-01', NULL),
(88, 96, '2018-09-01', NULL),
(195, 207, '2018-09-01', NULL),
(102, 102, '2018-09-01', NULL),
(143, 149, '2018-09-01', NULL),
(14, 142, '2018-09-01', NULL),
(11, 44, '2018-09-01', NULL);